<?xml version="1.0" encoding="UTF-8"?>
<ivy-module version="2.0" xmlns:m="http://ant.apache.org/ivy/maven">
	<info organisation="commons-validator"
		module="commons-validator"
		revision="1.3.1"
		status="release"
		publication="20120222141723"
	>
		<license name="The Apache Software License, Version 2.0" url="/LICENSE.txt" />
		<description homepage="http://jakarta.apache.org/commons/${pom.artifactId.substring(8)}/">
		Commons Validator provides the building blocks for both client side validation
    and server side data validation. It may be used standalone or with a framework like
    Struts.
		</description>
		<m:maven.plugins>null__maven-surefire-plugin__null|null__maven-xdoc-plugin__1.9.2|null__maven-changelog-plugin__1.8.2|null__maven-changes-plugin__1.6|maven-plugins__maven-cobertura-plugin__1.1.1</m:maven.plugins>
	</info>
	<configurations>
		<conf name="default" visibility="public" description="runtime dependencies and master artifact can be used with this conf" extends="runtime,master"/>
		<conf name="master" visibility="public" description="contains only the artifact published by this module itself, with no transitive dependencies"/>
		<conf name="compile" visibility="public" description="this is the default scope, used if none is specified. Compile dependencies are available in all classpaths."/>
		<conf name="provided" visibility="public" description="this is much like compile, but indicates you expect the JDK or a container to provide it. It is only available on the compilation classpath, and is not transitive."/>
		<conf name="runtime" visibility="public" description="this scope indicates that the dependency is not required for compilation, but is for execution. It is in the runtime and test classpaths, but not the compile classpath." extends="compile"/>
		<conf name="test" visibility="private" description="this scope indicates that the dependency is not required for normal use of the application, and is only available for the test compilation and execution phases." extends="runtime"/>
		<conf name="system" visibility="public" description="this scope is similar to provided except that you have to provide the JAR which contains it explicitly. The artifact is always available and is not looked up in a repository."/>
		<conf name="sources" visibility="public" description="this configuration contains the source artifact of this module, if any."/>
		<conf name="javadoc" visibility="public" description="this configuration contains the javadoc artifact of this module, if any."/>
		<conf name="optional" visibility="public" description="contains all optional dependencies"/>
	</configurations>
	<publications>
		<artifact name="commons-validator" type="jar" ext="jar" conf="master"/>
	</publications>
	<dependencies>
		<dependency org="commons-beanutils" name="commons-beanutils" rev="1.7.0" force="true" conf="compile->compile(*),master(*);runtime->runtime(*)"/>
		<dependency org="commons-digester" name="commons-digester" rev="1.6" force="true" conf="compile->compile(*),master(*);runtime->runtime(*)"/>
		<dependency org="commons-logging" name="commons-logging" rev="1.0.4" force="true" conf="compile->compile(*),master(*);runtime->runtime(*)"/>
		<dependency org="oro" name="oro" rev="2.0.8" force="true" conf="optional->compile(*),master(*)"/>
		<dependency org="xml-apis" name="xml-apis" rev="2.0.2" force="true" conf="provided->compile(*),provided(*),runtime(*),master(*)"/>
		<dependency org="junit" name="junit" rev="3.8.1" force="true" conf="test->runtime(*),master(*)"/>
	</dependencies>
</ivy-module>
