<?xml version="1.0" encoding="UTF-8"?>
<ivy-module version="2.0" xmlns:m="http://ant.apache.org/ivy/maven">
	<info organisation="org.springframework"
		module="spring-webmvc"
		revision="3.1.0.RELEASE"
		status="release"
		publication="20120222141726"
	>
		<description homepage="" />
		<m:dependency.management__org.easymock__easymock__scope>test</m:dependency.management__org.easymock__easymock__scope>
		<m:dependency.management__log4j__log4j__scope>test</m:dependency.management__log4j__log4j__scope>
		<m:dependency.management__junit__junit__scope>test</m:dependency.management__junit__junit__scope>
		<m:dependency.management__javax.inject__com.springsource.javax.inject__version>1.0.0</m:dependency.management__javax.inject__com.springsource.javax.inject__version>
		<m:dependency.management__org.hamcrest__hamcrest-all__version>1.1</m:dependency.management__org.hamcrest__hamcrest-all__version>
		<m:dependency.management__javax.inject__com.springsource.javax.inject__scope>provided</m:dependency.management__javax.inject__com.springsource.javax.inject__scope>
		<m:dependency.management__javax.xml.ws__jaxws-api__exclusion_0>javax.jws__jsr181</m:dependency.management__javax.xml.ws__jaxws-api__exclusion_0>
		<m:dependency.management__org.slf4j__slf4j-api__version>1.5.10</m:dependency.management__org.slf4j__slf4j-api__version>
		<m:dependency.management__log4j__log4j__exclusion_2>javax.mail__mail</m:dependency.management__log4j__log4j__exclusion_2>
		<m:dependency.management__org.slf4j__slf4j-log4j12__version>1.5.10</m:dependency.management__org.slf4j__slf4j-log4j12__version>
		<m:dependency.management__log4j__log4j__exclusion_3>javax.jms__jms</m:dependency.management__log4j__log4j__exclusion_3>
		<m:dependency.management__junit__junit__version>4.9</m:dependency.management__junit__junit__version>
		<m:dependency.management__log4j__log4j__exclusion_0>com.sun.jdmk__jmxtools</m:dependency.management__log4j__log4j__exclusion_0>
		<m:dependency.management__org.aspectj__aspectjweaver__version>1.6.8</m:dependency.management__org.aspectj__aspectjweaver__version>
		<m:dependency.management__log4j__log4j__exclusion_1>com.sun.jmx__jmxri</m:dependency.management__log4j__log4j__exclusion_1>
		<m:dependency.management__org.hamcrest__hamcrest-all__scope>test</m:dependency.management__org.hamcrest__hamcrest-all__scope>
		<m:dependency.management__org.easymock__easymock__version>2.5.1</m:dependency.management__org.easymock__easymock__version>
		<m:maven.plugins>org.apache.maven.plugins__maven-compiler-plugin__null|org.apache.maven.plugins__maven-surefire-plugin__null|org.apache.maven.plugins__maven-compiler-plugin__null|org.apache.maven.plugins__maven-surefire-plugin__null</m:maven.plugins>
		<m:dependency.management__javax.xml.ws__jaxws-api__version>2.1-1</m:dependency.management__javax.xml.ws__jaxws-api__version>
		<m:dependency.management__log4j__log4j__version>1.2.15</m:dependency.management__log4j__log4j__version>
	</info>
	<configurations>
		<conf name="default" visibility="public" description="runtime dependencies and master artifact can be used with this conf" extends="runtime,master"/>
		<conf name="master" visibility="public" description="contains only the artifact published by this module itself, with no transitive dependencies"/>
		<conf name="compile" visibility="public" description="this is the default scope, used if none is specified. Compile dependencies are available in all classpaths."/>
		<conf name="provided" visibility="public" description="this is much like compile, but indicates you expect the JDK or a container to provide it. It is only available on the compilation classpath, and is not transitive."/>
		<conf name="runtime" visibility="public" description="this scope indicates that the dependency is not required for compilation, but is for execution. It is in the runtime and test classpaths, but not the compile classpath." extends="compile"/>
		<conf name="test" visibility="private" description="this scope indicates that the dependency is not required for normal use of the application, and is only available for the test compilation and execution phases." extends="runtime"/>
		<conf name="system" visibility="public" description="this scope is similar to provided except that you have to provide the JAR which contains it explicitly. The artifact is always available and is not looked up in a repository."/>
		<conf name="sources" visibility="public" description="this configuration contains the source artifact of this module, if any."/>
		<conf name="javadoc" visibility="public" description="this configuration contains the javadoc artifact of this module, if any."/>
		<conf name="optional" visibility="public" description="contains all optional dependencies"/>
	</configurations>
	<publications>
		<artifact name="spring-webmvc" type="jar" ext="jar" conf="master"/>
	</publications>
	<dependencies>
		<dependency org="rome" name="rome" rev="1.0" force="true" conf="optional->compile(*),master(*)"/>
		<dependency org="com.lowagie" name="itext" rev="2.0.8" force="true" conf="optional->compile(*),master(*)"/>
		<dependency org="org.freemarker" name="freemarker" rev="2.3.15" force="true" conf="optional->compile(*),master(*)"/>
		<dependency org="javax.el" name="el-api" rev="1.0" force="true" conf="provided->compile(*),provided(*),runtime(*),master(*)"/>
		<dependency org="org.apache.tomcat" name="tomcat-servlet-api" rev="7.0.8" force="true" conf="provided->compile(*),provided(*),runtime(*),master(*)"/>
		<dependency org="javax.servlet.jsp" name="jsp-api" rev="2.1" force="true" conf="provided->compile(*),provided(*),runtime(*),master(*)"/>
		<dependency org="javax.servlet" name="jstl" rev="1.1.2" force="true" conf="provided->compile(*),provided(*),runtime(*),master(*)"/>
		<dependency org="net.sourceforge.jexcelapi" name="jxl" rev="2.6.3" force="true" conf="optional->compile(*),master(*)"/>
		<dependency org="jasperreports" name="jasperreports" rev="2.0.5" force="true" conf="optional->compile(*),master(*)">
			<exclude org="xml-apis" module="xml-apis" name="*" type="*" ext="*" conf="" matcher="exact"/>
		</dependency>
		<dependency org="org.apache.poi" name="poi" rev="3.0.2-FINAL" force="true" conf="optional->compile(*),master(*)"/>
		<dependency org="org.apache.tiles" name="tiles-api" rev="2.1.2" force="true" conf="optional->compile(*),master(*)"/>
		<dependency org="org.apache.tiles" name="tiles-core" rev="2.1.2" force="true" conf="optional->compile(*),master(*)"/>
		<dependency org="org.apache.tiles" name="tiles-jsp" rev="2.1.2" force="true" conf="optional->compile(*),master(*)"/>
		<dependency org="org.apache.tiles" name="tiles-servlet" rev="2.1.2" force="true" conf="optional->compile(*),master(*)"/>
		<dependency org="velocity" name="velocity" rev="1.5" force="true" conf="optional->compile(*),master(*)"/>
		<dependency org="velocity-tools" name="velocity-tools-view" rev="1.4" force="true" conf="optional->compile(*),master(*)"/>
		<dependency org="org.codehaus.jackson" name="jackson-mapper-asl" rev="1.4.2" force="true" conf="optional->compile(*),master(*)"/>
		<dependency org="org.springframework" name="spring-asm" rev="3.1.0.RELEASE" force="true" conf="compile->compile(*),master(*);runtime->runtime(*)"/>
		<dependency org="org.springframework" name="spring-beans" rev="3.1.0.RELEASE" force="true" conf="compile->compile(*),master(*);runtime->runtime(*)"/>
		<dependency org="org.springframework" name="spring-context" rev="3.1.0.RELEASE" force="true" conf="compile->compile(*),master(*);runtime->runtime(*)"/>
		<dependency org="org.springframework" name="spring-context-support" rev="3.1.0.RELEASE" force="true" conf="compile->compile(*),master(*);runtime->runtime(*)"/>
		<dependency org="org.springframework" name="spring-core" rev="3.1.0.RELEASE" force="true" conf="compile->compile(*),master(*);runtime->runtime(*)"/>
		<dependency org="org.springframework" name="spring-expression" rev="3.1.0.RELEASE" force="true" conf="compile->compile(*),master(*);runtime->runtime(*)"/>
		<dependency org="org.springframework" name="spring-oxm" rev="3.1.0.RELEASE" force="true" conf="optional->compile(*),master(*)"/>
		<dependency org="org.springframework" name="spring-orm" rev="3.1.0.RELEASE" force="true" conf="test->runtime(*),master(*)"/>
		<dependency org="org.springframework" name="spring-web" rev="3.1.0.RELEASE" force="true" conf="compile->compile(*),master(*);runtime->runtime(*)"/>
		<dependency org="junit" name="junit" rev="4.9" force="true" conf="test->runtime(*),master(*)"/>
		<dependency org="org.easymock" name="easymock" rev="2.5.1" force="true" conf="test->runtime(*),master(*)"/>
		<dependency org="xmlunit" name="xmlunit" rev="1.2" force="true" conf="test->runtime(*),master(*)"/>
		<dependency org="commons-fileupload" name="commons-fileupload" rev="1.2" force="true" conf="test->runtime(*),master(*)"/>
		<dependency org="dom4j" name="dom4j" rev="1.6.1" force="true" conf="test->runtime(*),master(*)">
			<exclude org="xml-apis" module="xml-apis" name="*" type="*" ext="*" conf="" matcher="exact"/>
		</dependency>
		<dependency org="jaxen" name="jaxen" rev="1.1.1" force="true" conf="test->runtime(*),master(*)">
			<exclude org="xml-apis" module="xml-apis" name="*" type="*" ext="*" conf="" matcher="exact"/>
			<exclude org="xom" module="xom" name="*" type="*" ext="*" conf="" matcher="exact"/>
			<exclude org="xerces" module="xercesImpl" name="*" type="*" ext="*" conf="" matcher="exact"/>
		</dependency>
		<dependency org="cglib" name="cglib-nodep" rev="2.2" force="true" conf="test->runtime(*),master(*)"/>
		<dependency org="rhino" name="js" rev="1.7R1" force="true" conf="test->runtime(*),master(*)"/>
		<dependency org="org.apache.geronimo.specs" name="geronimo-jta_1.1_spec" rev="1.1" force="true" conf="optional->compile(*),provided(*),runtime(*),master(*)"/>
		<dependency org="javax.validation" name="validation-api" rev="1.0.0.GA" force="true" conf="provided->compile(*),provided(*),runtime(*),master(*)"/>
		<dependency org="org.hibernate" name="hibernate-validator" rev="4.0.0.GA" force="true" conf="test->runtime(*),master(*)"/>
		<dependency org="org.slf4j" name="slf4j-log4j12" rev="1.5.10" force="true" conf="test->runtime(*),master(*)"/>
		<dependency org="log4j" name="log4j" rev="1.2.15" force="true" conf="test->runtime(*),master(*)">
			<exclude org="javax.mail" module="mail" name="*" type="*" ext="*" conf="" matcher="exact"/>
			<exclude org="javax.jms" module="jms" name="*" type="*" ext="*" conf="" matcher="exact"/>
			<exclude org="com.sun.jdmk" module="jmxtools" name="*" type="*" ext="*" conf="" matcher="exact"/>
			<exclude org="com.sun.jmx" module="jmxri" name="*" type="*" ext="*" conf="" matcher="exact"/>
		</dependency>
		<dependency org="joda-time" name="joda-time" rev="1.6" force="true" conf="test->runtime(*),master(*)"/>
		<dependency org="org.mortbay.jetty" name="jetty" rev="6.1.9" force="true" conf="test->runtime(*),master(*)">
			<exclude org="org.mortbay.jetty" module="servlet-api-2.5" name="*" type="*" ext="*" conf="" matcher="exact"/>
		</dependency>
		<override org="org.easymock" module="easymock" matcher="exact" rev="2.5.1"/>
		<override org="log4j" module="log4j" matcher="exact" rev="1.2.15"/>
		<override org="junit" module="junit" matcher="exact" rev="4.9"/>
		<override org="javax.inject" module="com.springsource.javax.inject" matcher="exact" rev="1.0.0"/>
		<override org="org.hamcrest" module="hamcrest-all" matcher="exact" rev="1.1"/>
		<override org="javax.inject" module="com.springsource.javax.inject" matcher="exact" rev="1.0.0"/>
		<override org="javax.xml.ws" module="jaxws-api" matcher="exact" rev="2.1-1"/>
		<override org="org.slf4j" module="slf4j-api" matcher="exact" rev="1.5.10"/>
		<override org="log4j" module="log4j" matcher="exact" rev="1.2.15"/>
		<override org="org.slf4j" module="slf4j-log4j12" matcher="exact" rev="1.5.10"/>
		<override org="log4j" module="log4j" matcher="exact" rev="1.2.15"/>
		<override org="junit" module="junit" matcher="exact" rev="4.9"/>
		<override org="org.aspectj" module="aspectjweaver" matcher="exact" rev="1.6.8"/>
		<override org="log4j" module="log4j" matcher="exact" rev="1.2.15"/>
		<override org="org.hamcrest" module="hamcrest-all" matcher="exact" rev="1.1"/>
		<override org="log4j" module="log4j" matcher="exact" rev="1.2.15"/>
		<override org="org.easymock" module="easymock" matcher="exact" rev="2.5.1"/>
		<override org="javax.xml.ws" module="jaxws-api" matcher="exact" rev="2.1-1"/>
		<override org="log4j" module="log4j" matcher="exact" rev="1.2.15"/>
	</dependencies>
</ivy-module>
