<?xml version="1.0" encoding="UTF-8"?>
<ivy-module version="2.0" xmlns:m="http://ant.apache.org/ivy/maven">
	<info organisation="org.codehaus.groovy"
		module="groovy-all"
		revision="1.8.6"
		status="release"
		publication="20120222141710"
	>
		<license name="The Apache Software License, Version 2.0" url="http://www.apache.org/licenses/LICENSE-2.0.txt" />
		<description homepage="http://groovy.codehaus.org/">
		Groovy: A powerful, dynamic language for the JVM
		</description>
		<m:maven.plugins>org.apache.maven.plugins__maven-antrun-plugin__null</m:maven.plugins>
	</info>
	<configurations>
		<conf name="default" visibility="public" description="runtime dependencies and master artifact can be used with this conf" extends="runtime,master"/>
		<conf name="master" visibility="public" description="contains only the artifact published by this module itself, with no transitive dependencies"/>
		<conf name="compile" visibility="public" description="this is the default scope, used if none is specified. Compile dependencies are available in all classpaths."/>
		<conf name="provided" visibility="public" description="this is much like compile, but indicates you expect the JDK or a container to provide it. It is only available on the compilation classpath, and is not transitive."/>
		<conf name="runtime" visibility="public" description="this scope indicates that the dependency is not required for compilation, but is for execution. It is in the runtime and test classpaths, but not the compile classpath." extends="compile"/>
		<conf name="test" visibility="private" description="this scope indicates that the dependency is not required for normal use of the application, and is only available for the test compilation and execution phases." extends="runtime"/>
		<conf name="system" visibility="public" description="this scope is similar to provided except that you have to provide the JAR which contains it explicitly. The artifact is always available and is not looked up in a repository."/>
		<conf name="sources" visibility="public" description="this configuration contains the source artifact of this module, if any."/>
		<conf name="javadoc" visibility="public" description="this configuration contains the javadoc artifact of this module, if any."/>
		<conf name="optional" visibility="public" description="contains all optional dependencies"/>
	</configurations>
	<publications>
		<artifact name="groovy-all" type="jar" ext="jar" conf="master"/>
	</publications>
	<dependencies>
		<dependency org="junit" name="junit" rev="4.10" force="true" conf="optional->compile(*),master(*)"/>
		<dependency org="org.apache.ant" name="ant" rev="1.8.2" force="true" conf="optional->compile(*),master(*)"/>
		<dependency org="org.apache.ant" name="ant-junit" rev="1.8.2" force="true" conf="optional->compile(*),provided(*),master(*)"/>
		<dependency org="org.apache.ant" name="ant-launcher" rev="1.8.2" force="true" conf="optional->compile(*),provided(*),master(*)"/>
		<dependency org="org.apache.ant" name="ant-antlr" rev="1.8.2" force="true" conf="optional->compile(*),provided(*),master(*)"/>
		<dependency org="jmock" name="jmock" rev="1.2.0" force="true" conf="test->runtime(*),master(*)"/>
		<dependency org="jmock" name="jmock-cglib" rev="1.2.0" force="true" conf="test->runtime(*),master(*)"/>
		<dependency org="com.thoughtworks.qdox" name="qdox" rev="1.12" force="true" conf="test->runtime(*),master(*)"/>
		<dependency org="bsf" name="bsf" rev="2.4.0" force="true" conf="optional->compile(*),master(*)">
			<exclude org="commons-logging" module="commons-logging" name="*" type="*" ext="*" conf="" matcher="exact"/>
		</dependency>
		<dependency org="commons-logging" name="commons-logging" rev="1.1.1" force="true" conf="optional->compile(*),provided(*),master(*)">
			<exclude org="log4j" module="log4j" name="*" type="*" ext="*" conf="" matcher="exact"/>
			<exclude org="logkit" module="logkit" name="*" type="*" ext="*" conf="" matcher="exact"/>
			<exclude org="avalon-framework" module="avalon-framework" name="*" type="*" ext="*" conf="" matcher="exact"/>
		</dependency>
		<dependency org="org.livetribe" name="livetribe-jsr223" rev="2.0.6" force="true" conf="optional->compile(*),provided(*),runtime(*),master(*)"/>
		<dependency org="xmlunit" name="xmlunit" rev="1.3" force="true" conf="test->runtime(*),master(*)"/>
		<dependency org="hsqldb" name="hsqldb" rev="1.8.0.10" force="true" conf="test->runtime(*),master(*)"/>
		<dependency org="javax.servlet" name="servlet-api" rev="2.4" force="true" conf="optional->compile(*),master(*)"/>
		<dependency org="javax.servlet" name="jsp-api" rev="2.0" force="true" conf="optional->compile(*),master(*)"/>
		<dependency org="com.thoughtworks.xstream" name="xstream" rev="1.4.1" force="true" conf="optional->compile(*),master(*)">
			<exclude org="xpp3" module="xpp3_min" name="*" type="*" ext="*" conf="" matcher="exact"/>
			<exclude org="junit" module="junit" name="*" type="*" ext="*" conf="" matcher="exact"/>
			<exclude org="jmock" module="jmock" name="*" type="*" ext="*" conf="" matcher="exact"/>
		</dependency>
		<dependency org="org.codehaus.gpars" name="gpars" rev="0.12" force="true" conf="optional->compile(*),provided(*),master(*)"/>
		<dependency org="jline" name="jline" rev="0.9.94" force="true" conf="optional->compile(*),master(*)">
			<exclude org="junit" module="junit" name="*" type="*" ext="*" conf="" matcher="exact"/>
		</dependency>
		<dependency org="org.fusesource.jansi" name="jansi" rev="1.7" force="true" conf="optional->compile(*),master(*)"/>
		<dependency org="org.apache.ivy" name="ivy" rev="2.2.0" force="true" conf="optional->compile(*),master(*)">
			<exclude org="*" module="*" name="*" type="*" ext="*" conf="" matcher="exact"/>
		</dependency>
		<dependency org="ch.qos.logback" name="logback-classic" rev="0.9.21" force="true" conf="test->runtime(*),master(*)"/>
		<dependency org="log4j" name="log4j" rev="1.2.16" force="true" conf="test->runtime(*),master(*)"/>
		<dependency org="org.slf4j" name="jcl-over-slf4j" rev="1.6.0" force="true" conf="test->runtime(*),master(*)"/>
		<dependency org="org.apache.ant" name="ant-testutil" rev="1.8.2" force="true" conf="test->runtime(*),master(*)"/>
	</dependencies>
</ivy-module>
