<?xml version="1.0" encoding="UTF-8"?>
<ivy-module version="2.0" xmlns:m="http://ant.apache.org/ivy/maven">
	<info organisation="org.antlr"
		module="antlr-runtime"
		revision="3.1.3"
		status="release"
		publication="20120222141807"
	>
		<description homepage="http://www.antlr.org">
		A framework for constructing recognizers, compilers, and translators from grammatical descriptions containing Java, C#, C++, or Python actions.
		</description>
		<m:dependency.management__junit__junit__scope>test</m:dependency.management__junit__junit__scope>
		<m:dependency.management__antlr__antlr__version>2.7.7</m:dependency.management__antlr__antlr__version>
		<m:dependency.management__junit__junit__version>4.5</m:dependency.management__junit__junit__version>
		<m:dependency.management__org.antlr__stringtemplate__scope>compile</m:dependency.management__org.antlr__stringtemplate__scope>
		<m:dependency.management__antlr__antlr__scope>compile</m:dependency.management__antlr__antlr__scope>
		<m:dependency.management__org.antlr__gunit__version>3.1.3-SNAPSHOT</m:dependency.management__org.antlr__gunit__version>
		<m:dependency.management__org.antlr__stringtemplate__version>3.2</m:dependency.management__org.antlr__stringtemplate__version>
		<m:maven.plugins>org.codehaus.mojo__buildnumber-maven-plugin__null|null__maven-compiler-plugin__null|null__maven-surefire-plugin__null|org.codehaus.mojo__findbugs-maven-plugin__null|null__maven-assembly-plugin__null|org.codehaus.mojo__buildnumber-maven-plugin__null|null__maven-compiler-plugin__null|null__maven-surefire-plugin__null|org.codehaus.mojo__findbugs-maven-plugin__null|null__maven-assembly-plugin__null|null__maven-compiler-plugin__2.0.2|org.codehaus.mojo__findbugs-maven-plugin__null</m:maven.plugins>
		<m:dependency.management__org.antlr__gunit__scope>runtime</m:dependency.management__org.antlr__gunit__scope>
	</info>
	<configurations>
		<conf name="default" visibility="public" description="runtime dependencies and master artifact can be used with this conf" extends="runtime,master"/>
		<conf name="master" visibility="public" description="contains only the artifact published by this module itself, with no transitive dependencies"/>
		<conf name="compile" visibility="public" description="this is the default scope, used if none is specified. Compile dependencies are available in all classpaths."/>
		<conf name="provided" visibility="public" description="this is much like compile, but indicates you expect the JDK or a container to provide it. It is only available on the compilation classpath, and is not transitive."/>
		<conf name="runtime" visibility="public" description="this scope indicates that the dependency is not required for compilation, but is for execution. It is in the runtime and test classpaths, but not the compile classpath." extends="compile"/>
		<conf name="test" visibility="private" description="this scope indicates that the dependency is not required for normal use of the application, and is only available for the test compilation and execution phases." extends="runtime"/>
		<conf name="system" visibility="public" description="this scope is similar to provided except that you have to provide the JAR which contains it explicitly. The artifact is always available and is not looked up in a repository."/>
		<conf name="sources" visibility="public" description="this configuration contains the source artifact of this module, if any."/>
		<conf name="javadoc" visibility="public" description="this configuration contains the javadoc artifact of this module, if any."/>
		<conf name="optional" visibility="public" description="contains all optional dependencies"/>
	</configurations>
	<publications>
		<artifact name="antlr-runtime" type="jar" ext="jar" conf="master"/>
	</publications>
	<dependencies>
		<dependency org="org.antlr" name="stringtemplate" rev="3.2" force="true" conf="compile->compile(*),master(*);runtime->runtime(*)"/>
		<override org="junit" module="junit" matcher="exact" rev="4.5"/>
		<override org="antlr" module="antlr" matcher="exact" rev="2.7.7"/>
		<override org="junit" module="junit" matcher="exact" rev="4.5"/>
		<override org="org.antlr" module="stringtemplate" matcher="exact" rev="3.2"/>
		<override org="org.antlr" module="gunit" matcher="exact" rev="3.1.3-SNAPSHOT"/>
		<override org="antlr" module="antlr" matcher="exact" rev="2.7.7"/>
		<override org="org.antlr" module="stringtemplate" matcher="exact" rev="3.2"/>
		<override org="org.antlr" module="gunit" matcher="exact" rev="3.1.3-SNAPSHOT"/>
	</dependencies>
</ivy-module>
