<?xml version="1.0" encoding="UTF-8"?>
<ivy-module version="2.0" xmlns:m="http://ant.apache.org/ivy/maven">
	<info organisation="org.antlr"
		module="stringtemplate"
		revision="3.2"
		status="release"
		publication="20120222141808"
	>
		<license name="BSD licence" url="http://antlr.org/license.html" />
		<description homepage="http://www.stringtemplate.org">
		StringTemplate is a java template engine for generating source code,
web pages, emails, or any other formatted text output.

StringTemplate is particularly good at multi-targeted code generators,
multiple site skins, and internationalization/localization. 

It evolved over years of effort developing jGuru.com. 

StringTemplate also generates the stringtemplate website: http://www.stringtemplate.org
and powers the ANTLR v3 code generator. Its distinguishing characteristic 
is that unlike other engines, it strictly enforces model-view separation.

Strict separation makes websites and code generators more flexible
and maintainable; it also provides an excellent defense against malicious
template authors.

There are currently about 600 StringTemplate source downloads a month.
		</description>
	</info>
	<configurations>
		<conf name="default" visibility="public" description="runtime dependencies and master artifact can be used with this conf" extends="runtime,master"/>
		<conf name="master" visibility="public" description="contains only the artifact published by this module itself, with no transitive dependencies"/>
		<conf name="compile" visibility="public" description="this is the default scope, used if none is specified. Compile dependencies are available in all classpaths."/>
		<conf name="provided" visibility="public" description="this is much like compile, but indicates you expect the JDK or a container to provide it. It is only available on the compilation classpath, and is not transitive."/>
		<conf name="runtime" visibility="public" description="this scope indicates that the dependency is not required for compilation, but is for execution. It is in the runtime and test classpaths, but not the compile classpath." extends="compile"/>
		<conf name="test" visibility="private" description="this scope indicates that the dependency is not required for normal use of the application, and is only available for the test compilation and execution phases." extends="runtime"/>
		<conf name="system" visibility="public" description="this scope is similar to provided except that you have to provide the JAR which contains it explicitly. The artifact is always available and is not looked up in a repository."/>
		<conf name="sources" visibility="public" description="this configuration contains the source artifact of this module, if any."/>
		<conf name="javadoc" visibility="public" description="this configuration contains the javadoc artifact of this module, if any."/>
		<conf name="optional" visibility="public" description="contains all optional dependencies"/>
	</configurations>
	<publications>
		<artifact name="stringtemplate" type="jar" ext="jar" conf="master"/>
	</publications>
	<dependencies>
		<dependency org="junit" name="junit" rev="3.8.1" force="true" conf="test->runtime(*),master(*)"/>
		<dependency org="antlr" name="antlr" rev="2.7.7" force="true" conf="compile->compile(*),master(*);runtime->runtime(*)"/>
	</dependencies>
</ivy-module>
