<?xml version="1.0" encoding="UTF-8"?>
<ivy-module version="2.0" xmlns:m="http://ant.apache.org/ivy/maven">
	<info organisation="org.springframework"
		module="spring-asm"
		revision="3.1.0.RELEASE"
		status="release"
		publication="20120222141705"
	>
		<description homepage="" />
		<m:dependency.management__org.easymock__easymock__scope>test</m:dependency.management__org.easymock__easymock__scope>
		<m:dependency.management__log4j__log4j__scope>test</m:dependency.management__log4j__log4j__scope>
		<m:dependency.management__junit__junit__scope>test</m:dependency.management__junit__junit__scope>
		<m:dependency.management__javax.inject__com.springsource.javax.inject__version>1.0.0</m:dependency.management__javax.inject__com.springsource.javax.inject__version>
		<m:dependency.management__org.hamcrest__hamcrest-all__version>1.1</m:dependency.management__org.hamcrest__hamcrest-all__version>
		<m:dependency.management__javax.inject__com.springsource.javax.inject__scope>provided</m:dependency.management__javax.inject__com.springsource.javax.inject__scope>
		<m:dependency.management__javax.xml.ws__jaxws-api__exclusion_0>javax.jws__jsr181</m:dependency.management__javax.xml.ws__jaxws-api__exclusion_0>
		<m:dependency.management__org.slf4j__slf4j-api__version>1.5.10</m:dependency.management__org.slf4j__slf4j-api__version>
		<m:dependency.management__log4j__log4j__exclusion_2>javax.mail__mail</m:dependency.management__log4j__log4j__exclusion_2>
		<m:dependency.management__org.slf4j__slf4j-log4j12__version>1.5.10</m:dependency.management__org.slf4j__slf4j-log4j12__version>
		<m:dependency.management__log4j__log4j__exclusion_3>javax.jms__jms</m:dependency.management__log4j__log4j__exclusion_3>
		<m:dependency.management__junit__junit__version>4.9</m:dependency.management__junit__junit__version>
		<m:dependency.management__log4j__log4j__exclusion_0>com.sun.jdmk__jmxtools</m:dependency.management__log4j__log4j__exclusion_0>
		<m:dependency.management__org.aspectj__aspectjweaver__version>1.6.8</m:dependency.management__org.aspectj__aspectjweaver__version>
		<m:dependency.management__log4j__log4j__exclusion_1>com.sun.jmx__jmxri</m:dependency.management__log4j__log4j__exclusion_1>
		<m:dependency.management__org.hamcrest__hamcrest-all__scope>test</m:dependency.management__org.hamcrest__hamcrest-all__scope>
		<m:dependency.management__org.easymock__easymock__version>2.5.1</m:dependency.management__org.easymock__easymock__version>
		<m:maven.plugins>org.apache.maven.plugins__maven-compiler-plugin__null|org.apache.maven.plugins__maven-surefire-plugin__null|org.apache.maven.plugins__maven-compiler-plugin__null|org.apache.maven.plugins__maven-surefire-plugin__null|null__maven-antrun-plugin__null</m:maven.plugins>
		<m:dependency.management__javax.xml.ws__jaxws-api__version>2.1-1</m:dependency.management__javax.xml.ws__jaxws-api__version>
		<m:dependency.management__log4j__log4j__version>1.2.15</m:dependency.management__log4j__log4j__version>
	</info>
	<configurations>
		<conf name="default" visibility="public" description="runtime dependencies and master artifact can be used with this conf" extends="runtime,master"/>
		<conf name="master" visibility="public" description="contains only the artifact published by this module itself, with no transitive dependencies"/>
		<conf name="compile" visibility="public" description="this is the default scope, used if none is specified. Compile dependencies are available in all classpaths."/>
		<conf name="provided" visibility="public" description="this is much like compile, but indicates you expect the JDK or a container to provide it. It is only available on the compilation classpath, and is not transitive."/>
		<conf name="runtime" visibility="public" description="this scope indicates that the dependency is not required for compilation, but is for execution. It is in the runtime and test classpaths, but not the compile classpath." extends="compile"/>
		<conf name="test" visibility="private" description="this scope indicates that the dependency is not required for normal use of the application, and is only available for the test compilation and execution phases." extends="runtime"/>
		<conf name="system" visibility="public" description="this scope is similar to provided except that you have to provide the JAR which contains it explicitly. The artifact is always available and is not looked up in a repository."/>
		<conf name="sources" visibility="public" description="this configuration contains the source artifact of this module, if any."/>
		<conf name="javadoc" visibility="public" description="this configuration contains the javadoc artifact of this module, if any."/>
		<conf name="optional" visibility="public" description="contains all optional dependencies"/>
	</configurations>
	<publications>
		<artifact name="spring-asm" type="jar" ext="jar" conf="master"/>
	</publications>
</ivy-module>
