<?xml version="1.0" encoding="UTF-8"?>
<ivy-module version="2.0" xmlns:m="http://ant.apache.org/ivy/maven">
	<info organisation="org.springframework"
		module="spring-context"
		revision="3.1.0.RELEASE"
		status="release"
		publication="20120222141706"
	>
		<description homepage="" />
		<m:dependency.management__org.easymock__easymock__scope>test</m:dependency.management__org.easymock__easymock__scope>
		<m:dependency.management__log4j__log4j__scope>test</m:dependency.management__log4j__log4j__scope>
		<m:dependency.management__junit__junit__scope>test</m:dependency.management__junit__junit__scope>
		<m:dependency.management__javax.inject__com.springsource.javax.inject__version>1.0.0</m:dependency.management__javax.inject__com.springsource.javax.inject__version>
		<m:dependency.management__org.hamcrest__hamcrest-all__version>1.1</m:dependency.management__org.hamcrest__hamcrest-all__version>
		<m:dependency.management__javax.inject__com.springsource.javax.inject__scope>provided</m:dependency.management__javax.inject__com.springsource.javax.inject__scope>
		<m:dependency.management__javax.xml.ws__jaxws-api__exclusion_0>javax.jws__jsr181</m:dependency.management__javax.xml.ws__jaxws-api__exclusion_0>
		<m:dependency.management__org.slf4j__slf4j-api__version>1.5.10</m:dependency.management__org.slf4j__slf4j-api__version>
		<m:dependency.management__log4j__log4j__exclusion_2>javax.mail__mail</m:dependency.management__log4j__log4j__exclusion_2>
		<m:dependency.management__org.slf4j__slf4j-log4j12__version>1.5.10</m:dependency.management__org.slf4j__slf4j-log4j12__version>
		<m:dependency.management__log4j__log4j__exclusion_3>javax.jms__jms</m:dependency.management__log4j__log4j__exclusion_3>
		<m:dependency.management__junit__junit__version>4.9</m:dependency.management__junit__junit__version>
		<m:dependency.management__log4j__log4j__exclusion_0>com.sun.jdmk__jmxtools</m:dependency.management__log4j__log4j__exclusion_0>
		<m:dependency.management__org.aspectj__aspectjweaver__version>1.6.8</m:dependency.management__org.aspectj__aspectjweaver__version>
		<m:dependency.management__log4j__log4j__exclusion_1>com.sun.jmx__jmxri</m:dependency.management__log4j__log4j__exclusion_1>
		<m:dependency.management__org.hamcrest__hamcrest-all__scope>test</m:dependency.management__org.hamcrest__hamcrest-all__scope>
		<m:dependency.management__org.easymock__easymock__version>2.5.1</m:dependency.management__org.easymock__easymock__version>
		<m:maven.plugins>org.apache.maven.plugins__maven-compiler-plugin__null|org.apache.maven.plugins__maven-surefire-plugin__null|org.apache.maven.plugins__maven-compiler-plugin__null|org.apache.maven.plugins__maven-surefire-plugin__null</m:maven.plugins>
		<m:dependency.management__javax.xml.ws__jaxws-api__version>2.1-1</m:dependency.management__javax.xml.ws__jaxws-api__version>
		<m:dependency.management__log4j__log4j__version>1.2.15</m:dependency.management__log4j__log4j__version>
	</info>
	<configurations>
		<conf name="default" visibility="public" description="runtime dependencies and master artifact can be used with this conf" extends="runtime,master"/>
		<conf name="master" visibility="public" description="contains only the artifact published by this module itself, with no transitive dependencies"/>
		<conf name="compile" visibility="public" description="this is the default scope, used if none is specified. Compile dependencies are available in all classpaths."/>
		<conf name="provided" visibility="public" description="this is much like compile, but indicates you expect the JDK or a container to provide it. It is only available on the compilation classpath, and is not transitive."/>
		<conf name="runtime" visibility="public" description="this scope indicates that the dependency is not required for compilation, but is for execution. It is in the runtime and test classpaths, but not the compile classpath." extends="compile"/>
		<conf name="test" visibility="private" description="this scope indicates that the dependency is not required for normal use of the application, and is only available for the test compilation and execution phases." extends="runtime"/>
		<conf name="system" visibility="public" description="this scope is similar to provided except that you have to provide the JAR which contains it explicitly. The artifact is always available and is not looked up in a repository."/>
		<conf name="sources" visibility="public" description="this configuration contains the source artifact of this module, if any."/>
		<conf name="javadoc" visibility="public" description="this configuration contains the javadoc artifact of this module, if any."/>
		<conf name="optional" visibility="public" description="contains all optional dependencies"/>
	</configurations>
	<publications>
		<artifact name="spring-context" type="jar" ext="jar" conf="master"/>
	</publications>
	<dependencies>
		<dependency org="backport-util-concurrent" name="backport-util-concurrent" rev="3.0" force="true" conf="optional->compile(*),master(*)"/>
		<dependency org="javax.annotation" name="jsr250-api" rev="1.0" force="true" conf="optional->compile(*),master(*)"/>
		<dependency org="org.apache.geronimo.specs" name="geronimo-ejb_3.0_spec" rev="1.0.1" force="true" conf="optional->compile(*),master(*)"/>
		<dependency org="org.apache.geronimo.specs" name="geronimo-interceptor_3.0_spec" rev="1.0.1" force="true" conf="optional->compile(*),master(*)"/>
		<dependency org="javax.inject" name="javax.inject" rev="1" force="true" conf="optional->compile(*),master(*)"/>
		<dependency org="javax.inject" name="javax.inject-tck" rev="1" force="true" conf="test->runtime(*),master(*)"/>
		<dependency org="org.apache.geronimo.specs" name="geronimo-jms_1.1_spec" rev="1.1" force="true" conf="optional->compile(*),master(*)"/>
		<dependency org="javax.persistence" name="persistence-api" rev="1.0" force="true" conf="optional->compile(*),master(*)"/>
		<dependency org="javax.validation" name="validation-api" rev="1.0.0.GA" force="true" conf="optional->compile(*),master(*)"/>
		<dependency org="javax.xml.ws" name="jaxws-api" rev="2.1-1" force="true" conf="optional->compile(*),master(*)">
			<exclude org="javax.jws" module="jsr181" name="*" type="*" ext="*" conf="" matcher="exact"/>
		</dependency>
		<dependency org="cglib" name="cglib-nodep" rev="2.2" force="true" conf="optional->compile(*),master(*)"/>
		<dependency org="aopalliance" name="aopalliance" rev="1.0" force="true" conf="optional->compile(*),master(*)"/>
		<dependency org="org.aspectj" name="aspectjweaver" rev="1.6.8" force="true" conf="optional->compile(*),master(*)"/>
		<dependency org="org.beanshell" name="bsh" rev="2.0b4" force="true" conf="optional->compile(*),master(*)"/>
		<dependency org="org.codehaus.groovy" name="groovy-all" rev="1.6.3" force="true" conf="optional->compile(*),master(*)"/>
		<dependency org="org.jruby" name="jruby" rev="1.4.0" force="true" conf="optional->compile(*),master(*)"/>
		<dependency org="asm" name="asm" rev="3.0" force="true" conf="optional->compile(*),master(*)"/>
		<dependency org="joda-time" name="joda-time" rev="1.6" force="true" conf="optional->compile(*),master(*)"/>
		<dependency org="org.springframework" name="spring-aop" rev="3.1.0.RELEASE" force="true" conf="compile->compile(*),master(*);runtime->runtime(*)"/>
		<dependency org="org.springframework" name="spring-beans" rev="3.1.0.RELEASE" force="true" conf="compile->compile(*),master(*);runtime->runtime(*)"/>
		<dependency org="org.springframework" name="spring-core" rev="3.1.0.RELEASE" force="true" conf="compile->compile(*),master(*);runtime->runtime(*)"/>
		<dependency org="org.springframework" name="spring-expression" rev="3.1.0.RELEASE" force="true" conf="compile->compile(*),master(*);runtime->runtime(*)"/>
		<dependency org="org.springframework" name="spring-instrument" rev="3.1.0.RELEASE" force="true" conf="optional->compile(*),master(*)"/>
		<dependency org="org.springframework" name="spring-asm" rev="3.1.0.RELEASE" force="true" conf="compile->compile(*),master(*);runtime->runtime(*)"/>
		<dependency org="org.apache.geronimo.specs" name="geronimo-jta_1.1_spec" rev="1.1" force="true" conf="optional->compile(*),master(*)"/>
		<dependency org="net.sf.ehcache" name="ehcache-core" rev="2.0.0" force="true" conf="optional->compile(*),master(*)"/>
		<dependency org="javax.xml" name="jaxrpc-api" rev="1.1" force="true" conf="test->runtime(*),master(*)"/>
		<dependency org="commons-pool" name="commons-pool" rev="1.5.3" force="true" conf="test->runtime(*),master(*)"/>
		<dependency org="commons-dbcp" name="commons-dbcp" rev="1.2.2" force="true" conf="test->runtime(*),master(*)"/>
		<dependency org="log4j" name="log4j" rev="1.2.15" force="true" conf="test->runtime(*),master(*)">
			<exclude org="javax.mail" module="mail" name="*" type="*" ext="*" conf="" matcher="exact"/>
			<exclude org="javax.jms" module="jms" name="*" type="*" ext="*" conf="" matcher="exact"/>
			<exclude org="com.sun.jdmk" module="jmxtools" name="*" type="*" ext="*" conf="" matcher="exact"/>
			<exclude org="com.sun.jmx" module="jmxri" name="*" type="*" ext="*" conf="" matcher="exact"/>
		</dependency>
		<dependency org="org.easymock" name="easymock" rev="2.5.1" force="true" conf="test->runtime(*),master(*)"/>
		<dependency org="org.hamcrest" name="hamcrest-all" rev="1.1" force="true" conf="test->runtime(*),master(*)"/>
		<dependency org="org.hibernate" name="com.springsource.org.hibernate.validator" rev="4.2.0.Final" force="true" conf="optional->compile(*),master(*)">
			<exclude org="javax.validation" module="com.springsource.javax.validation" name="*" type="*" ext="*" conf="" matcher="exact"/>
			<exclude org="org.slf4j" module="com.springsource.slf4j.api" name="*" type="*" ext="*" conf="" matcher="exact"/>
		</dependency>
		<dependency org="junit" name="junit" rev="4.9" force="true" conf="test->runtime(*),master(*)"/>
		<dependency org="org.slf4j" name="slf4j-log4j12" rev="1.5.10" force="true" conf="test->runtime(*),master(*)"/>
		<dependency org="org.codehaus.jsr166-mirror" name="jsr166" rev="1.7.0" force="true" conf="provided->compile(*),provided(*),runtime(*),master(*)"/>
		<override org="org.easymock" module="easymock" matcher="exact" rev="2.5.1"/>
		<override org="log4j" module="log4j" matcher="exact" rev="1.2.15"/>
		<override org="junit" module="junit" matcher="exact" rev="4.9"/>
		<override org="javax.inject" module="com.springsource.javax.inject" matcher="exact" rev="1.0.0"/>
		<override org="org.hamcrest" module="hamcrest-all" matcher="exact" rev="1.1"/>
		<override org="javax.inject" module="com.springsource.javax.inject" matcher="exact" rev="1.0.0"/>
		<override org="javax.xml.ws" module="jaxws-api" matcher="exact" rev="2.1-1"/>
		<override org="org.slf4j" module="slf4j-api" matcher="exact" rev="1.5.10"/>
		<override org="log4j" module="log4j" matcher="exact" rev="1.2.15"/>
		<override org="org.slf4j" module="slf4j-log4j12" matcher="exact" rev="1.5.10"/>
		<override org="log4j" module="log4j" matcher="exact" rev="1.2.15"/>
		<override org="junit" module="junit" matcher="exact" rev="4.9"/>
		<override org="org.aspectj" module="aspectjweaver" matcher="exact" rev="1.6.8"/>
		<override org="log4j" module="log4j" matcher="exact" rev="1.2.15"/>
		<override org="org.hamcrest" module="hamcrest-all" matcher="exact" rev="1.1"/>
		<override org="log4j" module="log4j" matcher="exact" rev="1.2.15"/>
		<override org="org.easymock" module="easymock" matcher="exact" rev="2.5.1"/>
		<override org="javax.xml.ws" module="jaxws-api" matcher="exact" rev="2.1-1"/>
		<override org="log4j" module="log4j" matcher="exact" rev="1.2.15"/>
	</dependencies>
</ivy-module>
