<?xml version="1.0" encoding="UTF-8"?>
<ivy-module version="2.0" xmlns:m="http://ant.apache.org/ivy/maven">
	<info organisation="org.yaml"
		module="snakeyaml"
		revision="1.8"
		status="release"
		publication="20120222141808"
	>
		<license name="Apache License Version 2.0" url="LICENSE.txt" />
		<description homepage="http://www.snakeyaml.org">
		YAML 1.1 parser and emitter for Java
		</description>
		<m:properties__project.build.sourceEncoding>UTF-8</m:properties__project.build.sourceEncoding>
		<m:maven.plugins>org.apache.maven.plugins__maven-compiler-plugin__2.3.2|org.apache.maven.plugins__maven-surefire-plugin__2.6|org.apache.maven.plugins__maven-eclipse-plugin__2.8|org.codehaus.mojo__cobertura-maven-plugin__2.4|org.apache.maven.plugins__maven-changes-plugin__2.3|org.apache.maven.plugins__maven-source-plugin__2.1.2|org.apache.maven.plugins__maven-javadoc-plugin__2.7|com.mycila.maven-license-plugin__maven-license-plugin__1.8.0</m:maven.plugins>
	</info>
	<configurations>
		<conf name="default" visibility="public" description="runtime dependencies and master artifact can be used with this conf" extends="runtime,master"/>
		<conf name="master" visibility="public" description="contains only the artifact published by this module itself, with no transitive dependencies"/>
		<conf name="compile" visibility="public" description="this is the default scope, used if none is specified. Compile dependencies are available in all classpaths."/>
		<conf name="provided" visibility="public" description="this is much like compile, but indicates you expect the JDK or a container to provide it. It is only available on the compilation classpath, and is not transitive."/>
		<conf name="runtime" visibility="public" description="this scope indicates that the dependency is not required for compilation, but is for execution. It is in the runtime and test classpaths, but not the compile classpath." extends="compile"/>
		<conf name="test" visibility="private" description="this scope indicates that the dependency is not required for normal use of the application, and is only available for the test compilation and execution phases." extends="runtime"/>
		<conf name="system" visibility="public" description="this scope is similar to provided except that you have to provide the JAR which contains it explicitly. The artifact is always available and is not looked up in a repository."/>
		<conf name="sources" visibility="public" description="this configuration contains the source artifact of this module, if any."/>
		<conf name="javadoc" visibility="public" description="this configuration contains the javadoc artifact of this module, if any."/>
		<conf name="optional" visibility="public" description="contains all optional dependencies"/>
	</configurations>
	<publications>
		<artifact name="snakeyaml" type="jar" ext="jar" conf="master"/>
	</publications>
	<dependencies>
		<dependency org="junit" name="junit" rev="4.7" force="true" conf="test->runtime(*),master(*)"/>
		<dependency org="org.springframework" name="spring" rev="2.5.6" force="true" conf="test->runtime(*),master(*)"/>
		<dependency org="org.apache.velocity" name="velocity" rev="1.6.2" force="true" conf="test->runtime(*),master(*)"/>
		<dependency org="joda-time" name="joda-time" rev="1.6" force="true" conf="test->runtime(*),master(*)"/>
	</dependencies>
</ivy-module>
